player_id,player_name,matches_played,win_rate,avg_aces,avg_double_faults,avg_bp_faced,avg_rank,avg_age,avg_height,Winrate_Clay,Winrate_Grass,Winrate_Hard
100644,Alexander Zverev,384,0.71875,9.059299191374663,4.005390835579515,5.420485175202156,7.234375,23.5625,198.0,0.7583333333333333,0.5909090909090909,0.7107438016528925
103333,Ivo Karlovic,64,0.390625,22.296875,4.96875,4.125,101.296875,39.921875,208.0,0.42857142857142855,0.4,0.375
103819,Roger Federer,147,0.8163265306122449,8.478260869565217,1.673913043478261,4.239130434782608,3.2993197278911564,37.606802721088435,185.0,0.7058823529411765,0.8484848484848485,0.8247422680412371
103852,Feliciano Lopez,138,0.4057971014492754,11.733333333333333,4.2444444444444445,6.607407407407408,108.3913043478261,38.34710144927536,188.0,0.3333333333333333,0.53125,0.3815789473684211
103893,Paolo Lorenzi,44,0.29545454545454547,4.840909090909091,3.272727272727273,8.431818181818182,96.02272727272727,37.02272727272727,183.0,0.16666666666666666,0.2,0.42857142857142855
103898,Julien Benneteau,19,0.42105263157894735,10.052631578947368,6.0,9.263157894736842,59.73684210526316,36.294736842105266,185.0,0.25,0.5,0.45454545454545453
103917,Nicolas Mahut,22,0.45454545454545453,5.5,3.090909090909091,6.636363636363637,156.36363636363637,36.70909090909091,191.0,0.5,0.6,0.38461538461538464
103970,David Ferrer,41,0.4146341463414634,1.8048780487804879,3.658536585365854,7.682926829268292,79.6829268292683,36.30731707317073,175.0,0.4,0.3333333333333333,0.43478260869565216
104022,Mikhail Youzhny,25,0.28,3.4,3.84,7.72,99.4,35.836,183.0,0.25,0.0,0.35294117647058826
104180,Gilles Muller,28,0.32142857142857145,15.0,4.785714285714286,6.75,44.0,34.878571428571426,193.0,0.2,0.375,0.3333333333333333
104198,Guillermo Garcia Lopez,55,0.4,3.7454545454545456,4.072727272727272,7.363636363636363,82.50909090909092,35.11454545454546,188.0,0.44,0.5,0.3333333333333333
104252,Florian Mayer,17,0.11764705882352941,3.588235294117647,2.0588235294117645,9.470588235294118,86.88235294117646,34.529411764705884,190.0,0.0,0.3333333333333333,0.0
104259,Philipp Kohlschreiber,121,0.45454545454545453,5.0588235294117645,1.7899159663865547,6.739495798319328,57.21487603305785,35.58925619834711,178.0,0.46808510638297873,0.38461538461538464,0.45901639344262296
104269,Fernando Verdasco,158,0.45569620253164556,6.405063291139241,3.7025316455696204,7.39873417721519,55.74050632911393,35.734177215189874,188.0,0.4666666666666667,0.375,0.4634146341463415
104291,Malek Jaziri,83,0.40963855421686746,3.3333333333333335,2.9382716049382718,7.864197530864198,114.67469879518072,35.10481927710844,185.0,0.4838709677419355,0.2,0.3829787234042553
104297,Rogerio Dutra Silva,18,0.2777777777777778,2.0,2.8333333333333335,7.0,116.94444444444444,34.19444444444444,178.0,0.3333333333333333,0.2777777777777778,0.0
104312,Andreas Seppi,131,0.45038167938931295,5.984732824427481,2.7480916030534353,7.984732824427481,69.56488549618321,35.39923664122138,190.0,0.2962962962962963,0.5,0.4878048780487805
104327,Steve Darcis,20,0.35,3.8,1.75,8.3,215.1875,35.245,178.0,0.0,0.3333333333333333,0.4
104386,Janko Tipsarevic,18,0.3888888888888889,5.277777777777778,2.7777777777777777,9.333333333333334,314.11764705882354,34.93888888888889,180.0,0.5,0.3333333333333333,0.3333333333333333
104468,Gilles Simon,172,0.48255813953488375,3.828402366863905,2.698224852071006,7.372781065088757,61.66860465116279,34.70872093023256,183.0,0.42857142857142855,0.52,0.49523809523809526
104527,Stan Wawrinka,189,0.544973544973545,8.612903225806452,1.9623655913978495,6.537634408602151,84.80952380952381,35.58306878306878,183.0,0.5116279069767442,0.4666666666666667,0.5648854961832062
104534,Dudi Sela,18,0.3888888888888889,2.9411764705882355,4.117647058823529,8.647058823529411,112.94444444444444,33.09444444444445,175.0,0.0,0.5,0.4166666666666667
104542,Jo-Wilfried Tsonga,84,0.4880952380952381,10.166666666666666,2.5,5.559523809523809,111.94047619047619,34.45595238095238,188.0,0.3333333333333333,0.4444444444444444,0.543859649122807
104545,John Isner,227,0.5682819383259912,21.727272727272727,2.418181818181818,3.6136363636363638,26.088105726872246,35.147577092511014,208.0,0.6,0.7083333333333334,0.5416666666666666
104547,Horacio Zeballos,25,0.44,6.36,2.92,7.72,87.96,32.9,188.0,0.4666666666666667,0.5,0.375
104571,Marcos Baghdatis,36,0.4444444444444444,8.8,3.6,6.714285714285714,105.80555555555556,33.02777777777778,183.0,0.0,0.3333333333333333,0.5185185185185185
104586,Lukas Rosol,15,0.4,6.266666666666667,3.466666666666667,7.733333333333333,192.33333333333334,34.08,193.0,0.6666666666666666,0.0,0.25
104607,Tomas Berdych,45,0.5333333333333333,7.4772727272727275,2.227272727272727,6.363636363636363,46.44444444444444,32.913333333333334,196.0,0.0,0.25,0.6216216216216216
104655,Pablo Cuevas,131,0.48091603053435117,5.534883720930233,2.89922480620155,6.093023255813954,64.30534351145039,33.69465648854962,180.0,0.5393258426966292,0.2,0.3783783783783784
104660,Sergiy Stakhovsky,29,0.3793103448275862,8.666666666666666,3.037037037037037,7.925925925925926,146.31034482758622,33.45172413793104,193.0,0.5,0.3333333333333333,0.35294117647058826
104665,Pablo Andujar,119,0.3949579831932773,1.5517241379310345,3.6982758620689653,8.241379310344827,148.8403361344538,34.47478991596638,180.0,0.4626865671641791,0.2,0.3191489361702128
104678,Viktor Troicki,36,0.3333333333333333,8.085714285714285,2.9714285714285715,7.085714285714285,132.69444444444446,32.99444444444444,193.0,0.25,0.5,0.2916666666666667
104719,Marcel Granollers,29,0.4482758620689655,5.206896551724138,2.793103448275862,5.241379310344827,108.75862068965517,32.779310344827586,191.0,0.5,0.7,0.23076923076923078
104731,Kevin Anderson,140,0.6142857142857143,15.671532846715328,2.897810218978102,5.109489051094891,47.948905109489054,33.27571428571429,203.0,0.5263157894736842,0.7391304347826086,0.6020408163265306
104745,Rafael Nadal,234,0.8418803418803419,4.220264317180617,2.4140969162995596,5.246696035242291,2.299145299145299,33.797435897435896,185.0,0.8947368421052632,0.8333333333333334,0.8016528925619835
104755,Richard Gasquet,231,0.5064935064935064,5.098654708520179,2.8609865470852016,6.632286995515695,52.54112554112554,34.32121212121212,183.0,0.4935064935064935,0.5416666666666666,0.5076923076923077
104792,Gael Monfils,216,0.6064814814814815,7.605769230769231,4.283653846153846,6.211538461538462,49.93518518518518,33.71805555555556,193.0,0.4444444444444444,0.4666666666666667,0.6666666666666666
104797,Denis Istomin,59,0.3220338983050847,5.2105263157894735,1.7719298245614035,6.56140350877193,114.2542372881356,32.384745762711866,185.0,0.3125,0.5,0.2727272727272727
104871,Jeremy Chardy,152,0.4934210526315789,8.034013605442176,4.326530612244898,6.98639455782313,72.55333333333333,32.56644736842105,188.0,0.42857142857142855,0.5,0.5222222222222223
104897,Matthias Bachinger,17,0.47058823529411764,6.9411764705882355,2.176470588235294,8.882352941176471,160.35294117647058,31.670588235294115,188.0,0.4,0.0,0.5454545454545454
104898,Robin Haase,100,0.44,7.46,3.13,7.56,75.72,31.756,191.0,0.391304347826087,0.42857142857142855,0.4603174603174603
104918,Andy Murray,147,0.5306122448979592,6.704225352112676,2.795774647887324,6.746478873239437,144.02721088435374,34.30544217687075,191.0,0.2857142857142857,0.5714285714285714,0.5378151260504201
104919,Leonardo Mayer,90,0.4222222222222222,6.777777777777778,4.233333333333333,6.155555555555556,57.7,31.485555555555553,188.0,0.425531914893617,0.42857142857142855,0.4166666666666667
104925,Novak Djokovic,357,0.8599439775910365,6.368115942028986,2.527536231884058,4.721739130434782,3.680672268907563,33.48011204481793,188.0,0.8137254901960784,0.95,0.8651162790697674
104926,Fabio Fognini,251,0.5298804780876494,3.683127572016461,4.090534979423868,8.0,31.689243027888445,32.97729083665338,178.0,0.5545454545454546,0.5833333333333334,0.5038759689922481
104999,Mischa Zverev,67,0.34328358208955223,5.074626865671642,2.4776119402985075,6.895522388059701,81.50746268656717,31.05223880597015,190.0,0.3333333333333333,0.5333333333333333,0.2647058823529412
105011,Illya Marchenko,18,0.3333333333333333,5.6875,3.0,5.6875,198.66666666666666,33.55555555555556,185.0,0.0,0.0,0.42857142857142855
105023,Sam Querrey,136,0.47794117647058826,15.325925925925926,4.17037037037037,4.762962962962963,56.0,32.018382352941174,198.0,0.4117647058823529,0.6285714285714286,0.42857142857142855
105041,Lukas Lacko,33,0.3939393939393939,7.393939393939394,2.878787878787879,6.454545454545454,99.36363636363636,30.803030303030305,185.0,0.3939393939393939,0.6,0.30434782608695654
105051,Matthew Ebden,74,0.40540540540540543,6.864864864864865,5.148648648648648,6.945945945945946,103.77027027027027,31.214864864864865,188.0,0.0,0.47368421052631576,0.4117647058823529
105062,Mikhail Kukushkin,139,0.4028776978417266,2.7111111111111112,1.2962962962962963,7.977777777777778,87.94244604316546,31.810791366906475,183.0,0.2916666666666667,0.47058823529411764,0.41836734693877553
105065,Tim Smyczek,22,0.3181818181818182,5.045454545454546,3.090909090909091,9.681818181818182,142.04545454545453,30.54090909090909,175.0,0.0,0.42857142857142855,0.3076923076923077
105074,Ruben Bemelmans,28,0.2857142857142857,5.5,3.142857142857143,8.214285714285714,132.64285714285714,30.710714285714285,183.0,0.5,0.25,0.2222222222222222
105077,Albert Ramos,265,0.45660377358490567,2.9431818181818183,2.2386363636363638,7.625,51.445283018867926,32.727924528301884,188.0,0.5568862275449101,0.0,0.3146067415730337
105138,Roberto Bautista Agut,300,0.6066666666666667,3.4280821917808217,1.7842465753424657,6.184931506849315,18.623333333333335,32.469,183.0,0.5540540540540541,0.6857142857142857,0.612565445026178
105155,Pedro Sousa,33,0.2727272727272727,2.8333333333333335,3.3,8.866666666666667,139.15151515151516,31.763636363636365,180.0,0.3333333333333333,0.0,0.18181818181818182
105166,Peter Polansky,17,0.17647058823529413,4.176470588235294,2.8823529411764706,7.764705882352941,129.94117647058823,30.03529411764706,180.0,0.0,0.0,0.21428571428571427
105173,Adrian Mannarino,301,0.5049833887043189,4.963210702341137,2.4180602006688963,6.62876254180602,45.27906976744186,32.53023255813954,180.0,0.15625,0.6363636363636364,0.5233644859813084
105208,Ernests Gulbis,48,0.4166666666666667,8.377777777777778,5.044444444444444,7.288888888888889,135.35416666666666,30.672916666666666,190.0,0.2,0.42857142857142855,0.4666666666666667
105216,Yuichi Sugita,57,0.2982456140350877,4.236363636363636,2.8727272727272726,8.254545454545454,80.03508771929825,30.54385964912281,173.0,0.0,0.4166666666666667,0.3157894736842105
105223,Juan Martin del Potro,75,0.7466666666666667,9.424657534246576,1.9315068493150684,4.3561643835616435,16.466666666666665,29.826666666666668,198.0,0.631578947368421,0.7142857142857143,0.7959183673469388
105226,Attila Balazs,30,0.43333333333333335,3.0,4.357142857142857,9.071428571428571,175.79310344827587,31.513333333333332,180.0,0.5652173913043478,0.0,0.0
105227,Marin Cilic,247,0.6032388663967612,10.584033613445378,3.6512605042016806,6.100840336134453,22.68825910931174,31.67085020242915,198.0,0.6,0.7692307692307693,0.577639751552795
105311,Joao Sousa,184,0.4076086956521739,4.142045454545454,2.1931818181818183,7.375,74.6195652173913,30.88913043478261,185.0,0.3888888888888889,0.3333333333333333,0.43617021276595747
105332,Benoit Paire,214,0.411214953271028,9.042056074766355,6.719626168224299,8.233644859813085,47.71028037383178,30.686448598130838,196.0,0.4057971014492754,0.4117647058823529,0.4140625
105341,Thomas Fabbiano,53,0.33962264150943394,2.056603773584906,3.0754716981132075,9.018867924528301,102.11320754716981,29.7188679245283,173.0,0.29411764705882354,0.6363636363636364,0.24
105357,John Millman,198,0.46464646464646464,3.979591836734694,1.8724489795918366,7.596938775510204,60.94949494949495,30.865151515151517,183.0,0.4222222222222222,0.38095238095238093,0.49242424242424243
105359,Jason Jung,32,0.34375,3.2,2.6,7.466666666666667,159.4375,30.828125,180.0,0.0,0.5,0.30434782608695654
105373,Martin Klizan,61,0.4918032786885246,4.35,3.283333333333333,7.4,83.57377049180327,29.373770491803278,191.0,0.5714285714285714,0.0,0.4
105376,Peter Gojowczyk,124,0.4112903225806452,6.487804878048781,4.040650406504065,7.121951219512195,86.38709677419355,30.256451612903227,188.0,0.35,0.35714285714285715,0.43333333333333335
105379,Aljaz Bedene,142,0.4788732394366197,8.678832116788321,3.2262773722627736,7.189781021897811,78.38028169014085,30.371830985915494,181.0,0.5588235294117647,0.26666666666666666,0.4406779661016949
105385,Donald Young,18,0.16666666666666666,2.611111111111111,4.277777777777778,8.277777777777779,161.27777777777777,28.966666666666665,183.0,0.0,0.0,0.1875
105413,Andrej Martin,39,0.358974358974359,2.236842105263158,2.473684210526316,9.394736842105264,113.51282051282051,30.694871794871794,183.0,0.4117647058823529,0.358974358974359,0.0
105430,Radu Albot,171,0.42105263157894735,2.8176470588235296,3.041176470588235,7.635294117647059,81.3859649122807,30.42046783625731,175.0,0.38461538461538464,0.26666666666666666,0.452991452991453
105432,Prajnesh Gunneswaran,37,0.2702702702702703,4.714285714285714,2.4,7.085714285714285,138.0,29.85135135135135,188.0,0.0,0.25,0.2962962962962963
105449,Steve Johnson,163,0.4662576687116564,7.919753086419753,3.2839506172839505,6.290123456790123,72.05521472392638,30.22331288343558,188.0,0.5294117647058824,0.5357142857142857,0.42574257425742573
105453,Kei Nishikori,161,0.639751552795031,3.0258064516129033,2.303225806451613,7.064516129032258,33.81366459627329,29.67888198757764,178.0,0.6326530612244898,0.6875,0.6354166666666666
105477,Marco Trungelliti,20,0.4,5.15,3.5,8.25,185.75,29.725,178.0,0.5384615384615384,0.0,0.16666666666666666
105487,Facundo Bagnis,75,0.3333333333333333,5.260273972602739,2.671232876712329,7.904109589041096,112.82666666666667,31.22933333333333,183.0,0.36538461538461536,0.0,0.2857142857142857
105526,Jan Lennard Struff,257,0.4980544747081712,10.052,3.52,6.064,51.94941634241245,30.272762645914398,193.0,0.547945205479452,0.5172413793103449,0.47096774193548385
105539,Evgeny Donskoy,57,0.3333333333333333,4.315789473684211,2.245614035087719,7.631578947368421,96.21052631578948,28.68245614035088,185.0,0.5,0.2,0.32608695652173914
105550,Guido Pella,174,0.4885057471264368,5.034682080924855,2.30635838150289,7.728323699421965,101.45664739884393,29.591954022988507,183.0,0.5411764705882353,0.4782608695652174,0.42424242424242425
105554,Daniel Evans,225,0.5022222222222222,4.095022624434389,2.5927601809954752,7.16289592760181,40.111111111111114,31.135555555555555,175.0,0.375,0.45,0.5393939393939394
105575,Ricardas Berankis,116,0.4482758620689655,3.690909090909091,3.0545454545454547,7.2,95.00862068965517,30.00172413793104,175.0,0.35,0.4166666666666667,0.46987951807228917
105577,Vasek Pospisil,97,0.4536082474226804,9.83157894736842,3.4842105263157896,6.231578947368421,108.6701030927835,29.926804123711342,193.0,0.0,0.38461538461538464,0.48148148148148145
105583,Dusan Lajovic,253,0.4426877470355731,3.4325396825396823,1.6349206349206349,7.361111111111111,50.44268774703557,30.304347826086957,183.0,0.5,0.25,0.4049586776859504
105613,Norbert Gombos,58,0.3620689655172414,4.890909090909091,3.3636363636363638,7.6909090909090905,111.0,30.310344827586206,193.0,0.4782608695652174,0.0,0.3125
105614,Bradley Klahn,34,0.2647058823529412,8.735294117647058,4.5,6.5,144.76470588235293,28.7,183.0,0.0,0.3333333333333333,0.2692307692307692
105633,Mohamed Safwat,21,0.47619047619047616,4.2727272727272725,2.8181818181818183,7.2727272727272725,300.6190476190476,29.857142857142858,180.0,0.75,0.47619047619047616,0.2727272727272727
105643,Federico Delbonis,166,0.41566265060240964,3.290909090909091,3.684848484848485,8.012121212121212,69.95180722891567,29.690361445783136,193.0,0.5163934426229508,0.0,0.16216216216216217
105649,Cedrik Marcel Stebe,31,0.3548387096774194,4.193548387096774,2.967741935483871,7.483870967741935,246.89655172413794,29.177419354838708,183.0,0.4444444444444444,0.0,0.35
105656,Marcelo Arevalo,15,0.7333333333333333,2.75,3.0,7.5,303.7,29.833333333333332,193.0,0.5,0.7333333333333333,0.7272727272727273
105657,Marius Copil,74,0.3918918918918919,11.464788732394366,3.183098591549296,6.056338028169014,102.10810810810811,28.256756756756758,191.0,0.07692307692307693,0.42857142857142855,0.46296296296296297
105676,David Goffin,240,0.5416666666666666,5.233766233766234,3.0865800865800868,7.017316017316017,31.716666666666665,29.615833333333335,180.0,0.5671641791044776,0.6153846153846154,0.5170068027210885
105683,Milos Raonic,143,0.6363636363636364,17.79850746268657,4.0,3.462686567164179,50.801418439716315,28.69090909090909,196.0,0.625,0.7037037037037037,0.6203703703703703
105732,Pierre Hugues Herbert,143,0.48951048951048953,7.734265734265734,3.902097902097902,6.951048951048951,78.05594405594405,28.466433566433565,188.0,0.4666666666666667,0.5333333333333333,0.4897959183673469
105777,Grigor Dimitrov,272,0.5845588235294118,6.415730337078652,3.8689138576779025,6.288389513108614,23.33823529411765,29.751470588235293,191.0,0.5857142857142857,0.47058823529411764,0.5945945945945946
105806,Mirza Basic,44,0.36363636363636365,5.375,1.825,6.95,126.56818181818181,27.4,188.0,0.35714285714285715,0.25,0.38461538461538464
105807,Pablo Carreno Busta,260,0.6038461538461538,4.2023809523809526,1.8253968253968254,6.698412698412699,22.75,29.018076923076922,188.0,0.5930232558139535,0.42857142857142855,0.625
105815,Tennys Sandgren,114,0.39473684210526316,8.876106194690266,2.8230088495575223,7.061946902654867,72.10526315789474,28.13421052631579,188.0,0.3333333333333333,0.5333333333333333,0.3888888888888889
105819,Guido Andreozzi,32,0.3125,3.75,4.9375,9.21875,113.15625,27.809375,183.0,0.25,0.25,0.4166666666666667
105870,Yannick Hanfmann,100,0.47,4.5,1.8571428571428572,6.704081632653061,101.14,30.197,193.0,0.5625,0.45454545454545453,0.24
105877,Emilio Gomez,31,0.3548387096774194,3.269230769230769,2.4615384615384617,8.076923076923077,138.1290322580645,30.280645161290323,185.0,0.3333333333333333,0.3548387096774194,0.36
105882,Stefano Travaglia,80,0.35,7.075,3.25,7.2625,96.0125,28.58375,185.0,0.36666666666666664,0.2,0.35555555555555557
105902,James Duckworth,93,0.3978494623655914,7.516483516483516,2.6043956043956045,7.450549450549451,141.20430107526883,29.32150537634409,183.0,0.16666666666666666,0.375,0.4225352112676056
105916,Marton Fucsovics,254,0.49606299212598426,4.299180327868853,3.6311475409836067,7.610655737704918,55.618110236220474,28.650787401574803,188.0,0.5,0.5333333333333333,0.4875
105932,Nikoloz Basilashvili,237,0.46835443037974683,4.360869565217391,4.656521739130435,7.743478260869566,38.12236286919831,28.224894514767932,185.0,0.4788732394366197,0.48,0.46099290780141844
105933,Roberto Quiroz,15,0.4,4.25,1.5833333333333333,5.333333333333333,283.8,28.146666666666665,193.0,0.5,0.0,0.4
105936,Filip Krajinovic,202,0.5099009900990099,4.552238805970149,1.8706467661691542,7.303482587064677,48.23762376237624,28.44158415841584,185.0,0.5178571428571429,0.5,0.5073529411764706
105948,Federico Coria,104,0.4326923076923077,2.5436893203883497,2.533980582524272,8.79611650485437,84.47115384615384,29.628846153846155,180.0,0.5342465753424658,0.0,0.21428571428571427
105967,Henri Laaksonen,73,0.3698630136986301,6.217391304347826,3.0434782608695654,8.18840579710145,122.61643835616438,28.28767123287671,185.0,0.40625,0.0,0.35
105992,Ryan Harrison,56,0.4642857142857143,8.709090909090909,3.3454545454545452,6.127272727272727,81.5,26.196428571428573,185.0,0.4,0.2,0.5121951219512195
106000,Damir Dzumhur,125,0.392,2.26890756302521,2.6470588235294117,7.689075630252101,72.728,27.1472,175.0,0.42424242424242425,0.6363636363636364,0.345679012345679
106005,Constant Lestienne,43,0.32558139534883723,4.309523809523809,3.4047619047619047,8.5,86.09302325581395,30.179069767441863,180.0,0.0,0.25,0.38235294117647056
106026,Yuki Bhambri,20,0.3,1.95,3.85,8.7,240.33333333333334,26.830000000000002,185.0,0.0,0.25,0.3333333333333333
106034,Yasutaka Uchiyama,30,0.26666666666666666,7.366666666666666,2.566666666666667,7.7,125.76666666666667,27.96333333333333,183.0,0.0,0.0,0.32
106043,Diego Schwartzman,322,0.5590062111801242,1.7770700636942676,3.0859872611464967,7.914012738853503,23.127329192546583,28.077639751552795,170.0,0.6204379562043796,0.5,0.5151515151515151
106044,Nicolas Kicker,22,0.36363636363636365,2.090909090909091,2.3636363636363638,7.5,96.28571428571429,25.84090909090909,178.0,0.2857142857142857,0.36363636363636365,0.5
106045,Denis Kudla,110,0.37272727272727274,6.412844036697248,3.5045871559633026,7.091743119266055,95.1,27.80909090909091,180.0,0.2857142857142857,0.48,0.352112676056338
106058,Jack Sock,78,0.358974358974359,6.733333333333333,4.24,7.32,106.85333333333334,27.63076923076923,191.0,0.2727272727272727,0.5,0.3508771929824561
106065,Marco Cecchinato,180,0.4222222222222222,4.48314606741573,2.567415730337079,7.224719101123595,71.41111111111111,27.63666666666667,185.0,0.5210084033613446,0.2,0.23529411764705882
106071,Bernard Tomic,41,0.4146341463414634,9.146341463414634,1.7804878048780488,7.853658536585366,129.46341463414635,26.309756097560978,196.0,0.125,0.5,0.47619047619047616
106075,Jozef Kovalik,53,0.3584905660377358,3.173076923076923,2.769230769230769,8.038461538461538,156.62264150943398,27.616981132075473,183.0,0.40540540540540543,0.0,0.2857142857142857
106078,Egor Gerasimov,100,0.48,7.520833333333333,3.5520833333333335,6.833333333333333,117.41,27.934,196.0,0.3076923076923077,0.5,0.5060240963855421
106099,Salvatore Caruso,61,0.3114754098360656,3.4262295081967213,2.819672131147541,8.852459016393443,105.81967213114754,27.52622950819672,185.0,0.32,0.0,0.34375
106109,Alex Bolt,39,0.358974358974359,7.256410256410256,2.923076923076923,8.025641025641026,170.74358974358975,27.32051282051282,183.0,0.358974358974359,0.2222222222222222,0.4
106121,Taro Daniel,146,0.410958904109589,4.137931034482759,2.6620689655172414,7.544827586206897,99.9931506849315,27.677397260273974,191.0,0.46938775510204084,0.0,0.40217391304347827
106148,Roberto Carballes Baena,184,0.43478260869565216,2.467032967032967,2.9175824175824174,7.5989010989010985,83.1304347826087,27.72717391304348,183.0,0.5043478260869565,0.21428571428571427,0.34545454545454546
106186,Jason Kubler,56,0.4642857142857143,6.37037037037037,3.685185185185185,7.0,102.44642857142857,29.017857142857142,178.0,0.5,0.5384615384615384,0.41935483870967744
106198,Hugo Dellien,79,0.34177215189873417,2.013157894736842,1.9342105263157894,8.921052631578947,107.44303797468355,27.529113924050634,180.0,0.38095238095238093,0.0,0.23076923076923078
106210,Jiri Vesely,126,0.4603174603174603,10.114754098360656,4.286885245901639,6.663934426229508,106.11111111111111,26.787301587301585,198.0,0.4090909090909091,0.6363636363636364,0.43333333333333335
106214,Oscar Otte,85,0.4,8.594936708860759,4.367088607594937,6.8734177215189876,93.28235294117647,28.611764705882354,193.0,0.42857142857142855,0.5882352941176471,0.3191489361702128
106216,Bjorn Fratangelo,26,0.3076923076923077,5.230769230769231,3.076923076923077,7.346153846153846,172.15384615384616,26.25,183.0,0.25,0.0,0.35294117647058826
106218,Marcos Giron,168,0.4583333333333333,5.265060240963855,1.6927710843373494,6.825301204819277,78.13690476190476,28.53392857142857,180.0,0.41935483870967744,0.3888888888888889,0.4789915966386555
106220,Dimitar Kuzmanov,25,0.48,3.0,2.5,7.1875,270.36,27.768,183.0,0.4,0.48,0.5
106228,Juan Ignacio Londero,83,0.42168674698795183,3.6867469879518073,2.927710843373494,7.566265060240964,81.07228915662651,26.472289156626506,180.0,0.4838709677419355,0.25,0.23529411764705882
106233,Dominic Thiem,273,0.6410256410256411,5.747169811320755,2.7471698113207546,5.958490566037736,43.53846153846154,26.726373626373626,185.0,0.6693548387096774,0.14285714285714285,0.6408450704225352
106234,Aslan Karatsev,146,0.5136986301369864,5.1875,4.576388888888889,6.965277777777778,49.62328767123287,28.565068493150687,185.0,0.525,0.36363636363636365,0.5263157894736842
106281,Liam Broady,42,0.40476190476190477,3.6842105263157894,2.5789473684210527,8.342105263157896,145.11904761904762,27.97142857142857,183.0,0.2,0.42105263157894735,0.4444444444444444
106283,Mitchell Krueger,21,0.3333333333333333,3.9523809523809526,1.9523809523809523,6.761904761904762,200.71428571428572,27.242857142857144,188.0,0.5,0.3333333333333333,0.3125
106296,Gregoire Barrere,86,0.3953488372093023,5.1395348837209305,2.7209302325581395,7.453488372093023,92.95348837209302,27.74418604651163,183.0,0.35,0.46153846153846156,0.39622641509433965
106298,Lucas Pouille,118,0.4661016949152542,7.754237288135593,4.101694915254237,7.779661016949152,56.75423728813559,25.43050847457627,185.0,0.3333333333333333,0.5,0.5217391304347826
106329,Thiago Monteiro,146,0.410958904109589,5.877697841726619,2.028776978417266,6.503597122302159,94.15753424657534,26.674657534246574,183.0,0.45121951219512196,0.16666666666666666,0.3684210526315789
106331,Christopher Oconnell,76,0.39473684210526316,7.473684210526316,1.9473684210526316,7.447368421052632,101.51315789473684,28.21973684210526,183.0,0.42857142857142855,0.4444444444444444,0.3695652173913043
106368,Ramkumar Ramanathan,34,0.3235294117647059,8.0,4.303030303030303,5.515151515151516,172.58823529411765,24.96764705882353,188.0,0.0,0.7,0.17391304347826086
106378,Kyle Edmund,129,0.5193798449612403,6.110236220472441,2.4173228346456694,5.952755905511811,83.6046511627907,24.37984496124031,188.0,0.4666666666666667,0.5384615384615384,0.5348837209302325
106398,Pedro Cachin,54,0.42592592592592593,5.981132075471698,2.207547169811321,6.773584905660377,96.46296296296296,27.424074074074074,185.0,0.5142857142857142,0.0,0.29411764705882354
106401,Nick Kyrgios,155,0.6516129032258065,17.328767123287673,3.5821917808219177,4.308219178082192,45.81290322580645,25.052258064516128,193.0,0.5555555555555556,0.6666666666666666,0.6545454545454545
106415,Yoshihito Nishioka,197,0.467005076142132,1.9282051282051282,1.5538461538461539,7.81025641025641,78.57868020304568,25.38223350253807,170.0,0.40540540540540543,0.125,0.5
106421,Daniil Medvedev,408,0.7450980392156863,8.311720698254364,3.5586034912718203,5.087281795511222,12.169117647058824,24.90686274509804,198.0,0.574468085106383,0.6739130434782609,0.780952380952381
106423,Thanasi Kokkinakis,88,0.4659090909090909,11.047619047619047,2.8095238095238093,6.0,125.79545454545455,25.65340909090909,193.0,0.45454545454545453,0.5,0.4666666666666667
106426,Cristian Garin,209,0.5311004784688995,4.184466019417476,3.0533980582524274,7.844660194174757,50.377990430622006,24.787559808612443,185.0,0.6206896551724138,0.5294117647058824,0.39473684210526316
106432,Borna Coric,221,0.5927601809954751,6.370892018779343,2.0704225352112675,5.953051643192488,37.380090497737555,23.645701357466063,188.0,0.5666666666666667,0.6,0.6027397260273972
109739,Maximilian Marterer,83,0.42168674698795183,6.8625,2.075,6.2875,106.90361445783132,24.38313253012048,188.0,0.45714285714285713,0.4444444444444444,0.38461538461538464
110602,Dennis Novak,70,0.32857142857142857,4.7384615384615385,2.4461538461538463,7.2153846153846155,123.48571428571428,26.90142857142857,183.0,0.3684210526315789,0.375,0.3023255813953488
111153,Christopher Eubanks,66,0.42424242424242425,11.833333333333334,3.409090909090909,6.2272727272727275,110.21212121212122,26.133333333333333,201.0,0.3333333333333333,0.6875,0.3404255319148936
111190,Zhizhen Zhang,54,0.48148148148148145,6.862745098039215,1.9215686274509804,6.7254901960784315,103.70370370370371,25.95740740740741,193.0,0.6,0.3333333333333333,0.42857142857142855
111200,Elias Ymer,73,0.3835616438356164,4.7101449275362315,3.449275362318841,7.7101449275362315,146.12328767123287,25.043835616438358,185.0,0.28,0.0,0.44680851063829785
111202,Hyeon Chung,61,0.5737704918032787,3.9508196721311477,2.6885245901639343,6.459016393442623,50.16393442622951,22.168852459016392,188.0,0.5,0.5737704918032787,0.5789473684210527
111442,Jordan Thompson,195,0.4564102564102564,6.788659793814433,1.8298969072164948,6.721649484536083,70.9076923076923,26.8374358974359,183.0,0.2857142857142857,0.5652173913043478,0.45454545454545453
111456,Mackenzie Mcdonald,208,0.4807692307692308,5.184466019417476,2.4271844660194173,7.140776699029126,82.1826923076923,26.345192307692308,178.0,0.3076923076923077,0.5384615384615384,0.5
111460,Quentin Halys,58,0.3275862068965517,13.60344827586207,5.327586206896552,6.551724137931035,94.32758620689656,25.532758620689656,191.0,0.36363636363636365,0.5,0.28205128205128205
111511,Noah Rubin,17,0.29411764705882354,4.470588235294118,3.0,8.764705882352942,194.41176470588235,22.96470588235294,175.0,0.25,0.0,0.3333333333333333
111513,Laslo Djere,251,0.50199203187251,5.6396761133603235,3.4534412955465585,7.016194331983805,59.50597609561753,25.842629482071715,188.0,0.6119402985074627,0.3684210526315789,0.37755102040816324
111575,Karen Khachanov,333,0.6006006006006006,7.861963190184049,2.48159509202454,6.171779141104294,22.26126126126126,24.452252252252254,198.0,0.5675675675675675,0.6428571428571429,0.6060606060606061
111576,Sumit Nagal,26,0.3076923076923077,1.2105263157894737,3.0526315789473686,9.210526315789474,206.92307692307693,23.50769230769231,178.0,0.25,0.3076923076923077,0.3333333333333333
111577,Jared Donaldson,36,0.4166666666666667,5.333333333333333,4.666666666666667,6.555555555555555,64.5,21.533333333333335,188.0,0.25,0.4,0.4782608695652174
111578,Stefan Kozlov,15,0.26666666666666666,1.5333333333333334,4.533333333333333,10.6,168.8,23.68,183.0,0.0,0.0,0.3333333333333333
111581,Michael Mmoh,54,0.4444444444444444,6.3584905660377355,4.245283018867925,8.81132075471698,138.57407407407408,23.288888888888888,188.0,0.16666666666666666,0.3333333333333333,0.4888888888888889
111790,Brayden Schnur,19,0.21052631578947367,7.157894736842105,3.526315789473684,8.736842105263158,160.8421052631579,24.44736842105263,193.0,0.21052631578947367,0.0,0.25
111794,Kamil Majchrzak,63,0.4603174603174603,5.517241379310345,2.5689655172413794,7.206896551724138,113.26984126984127,25.180952380952384,180.0,0.35714285714285715,0.3333333333333333,0.5116279069767442
111797,Nicolas Jarry,170,0.5411764705882353,9.445121951219512,2.5853658536585367,5.810975609756097,83.97647058823529,24.98941176470588,201.0,0.6344086021505376,0.5,0.4098360655737705
111815,Cameron Norrie,319,0.5830721003134797,4.751592356687898,2.8025477707006368,6.789808917197452,38.661442006269596,25.642946708463953,188.0,0.6385542168674698,0.59375,0.5588235294117647
117356,Cem Ilkel,23,0.30434782608695654,4.473684210526316,1.736842105263158,5.473684210526316,246.8695652173913,25.391304347826086,185.0,0.0,0.0,0.375
117360,Marc Polmans,19,0.3157894736842105,4.631578947368421,3.5789473684210527,10.263157894736842,142.68421052631578,23.66842105263158,188.0,0.5,0.5,0.23076923076923078
120424,Yannick Maden,23,0.34782608695652173,2.1739130434782608,1.5217391304347827,8.91304347826087,124.95652173913044,29.004347826086956,185.0,0.4444444444444444,0.0,0.3333333333333333
122298,Botic Van De Zandschulp,142,0.5422535211267606,6.36231884057971,3.8840579710144927,7.5,53.32394366197183,26.77957746478873,191.0,0.5483870967741935,0.5,0.5473684210526316
122330,Alexander Bublik,242,0.5041322314049587,12.547008547008547,6.863247863247863,6.397435897435898,48.99173553719008,24.169834710743803,196.0,0.38095238095238093,0.6744186046511628,0.49044585987261147
122669,Juan Pablo Varillas,66,0.5,4.491525423728813,1.576271186440678,6.627118644067797,122.95454545454545,26.633333333333333,185.0,0.5833333333333334,0.0,0.29411764705882354
123755,Daniel Elahi Galan,101,0.44554455445544555,4.905263157894737,1.5052631578947369,7.621052631578947,118.08910891089108,25.412871287128713,191.0,0.4666666666666667,0.6,0.391304347826087
123795,Altug Celikbilek,18,0.6111111111111112,6.142857142857143,3.9285714285714284,6.714285714285714,286.3888888888889,24.35,183.0,0.5,0.3333333333333333,0.6666666666666666
124014,Ernesto Escobedo,29,0.3448275862068966,7.333333333333333,3.185185185185185,6.62962962962963,189.58620689655172,23.913793103448278,185.0,0.2,0.3448275862068966,0.375
124079,Pedro Martinez,118,0.423728813559322,2.1610169491525424,3.76271186440678,8.372881355932204,85.84745762711864,24.427118644067797,185.0,0.4307692307692308,0.42857142857142855,0.41304347826086957
124116,Sebastian Ofner,44,0.4318181818181818,6.309523809523809,3.2857142857142856,8.166666666666666,107.06818181818181,26.002272727272725,191.0,0.45,0.25,0.45
124186,Alexandre Muller,28,0.35714285714285715,4.071428571428571,2.0357142857142856,8.428571428571429,128.10714285714286,25.860714285714288,183.0,0.4166666666666667,0.5,0.2857142857142857
124187,Reilly Opelka,154,0.538961038961039,18.483660130718953,2.69281045751634,4.124183006535947,44.422077922077925,23.06753246753247,211.0,0.4666666666666667,0.3,0.5789473684210527
125802,Ilya Ivashka,168,0.48214285714285715,5.683229813664596,3.111801242236025,7.149068322981367,89.17857142857143,27.123214285714283,193.0,0.39473684210526316,0.5217391304347826,0.5046728971962616
126094,Andrey Rublev,381,0.6850393700787402,7.321808510638298,2.4335106382978724,5.5638297872340425,20.036745406824146,23.457480314960627,188.0,0.7108433734939759,0.7272727272727273,0.6739130434782609
126127,Benjamin Bonzi,93,0.43010752688172044,6.704545454545454,2.4545454545454546,6.6477272727272725,74.97849462365592,26.011827956989247,183.0,0.2857142857142857,0.5,0.4426229508196721
126128,Roman Safiullin,63,0.5079365079365079,6.338709677419355,3.274193548387097,6.370967741935484,107.39682539682539,25.27619047619048,185.0,0.5454545454545454,0.625,0.4772727272727273
126149,Gianluca Mager,58,0.41379310344827586,6.793103448275862,3.1551724137931036,7.655172413793103,88.93103448275862,26.270689655172415,188.0,0.4666666666666667,0.5,0.34615384615384615
126156,Antoine Hoang,19,0.3157894736842105,3.4210526315789473,5.2105263157894735,9.947368421052632,134.10526315789474,24.11578947368421,183.0,0.5,0.5,0.23076923076923078
126203,Taylor Fritz,335,0.6059701492537314,9.701538461538462,2.4676923076923076,5.676923076923077,29.349253731343282,23.396417910447763,196.0,0.5625,0.6,0.6186440677966102
126205,Tommy Paul,220,0.5636363636363636,5.055813953488372,2.3813953488372093,6.613953488372093,46.018181818181816,24.706818181818182,185.0,0.3888888888888889,0.5833333333333334,0.6
126207,Frances Tiafoe,302,0.5529801324503312,7.378378378378378,2.449324324324324,6.591216216216216,40.13907284768212,23.009271523178807,188.0,0.5,0.59375,0.5613207547169812
126214,Alejandro Tabilo,53,0.4716981132075472,5.8431372549019605,3.019607843137255,7.098039215686274,129.0943396226415,24.637735849056604,188.0,0.56,0.2,0.43478260869565216
126239,Arthur Rinderknech,113,0.4690265486725664,9.544642857142858,2.3839285714285716,5.919642857142857,75.51327433628319,26.832743362831856,196.0,0.4838709677419355,0.3333333333333333,0.4857142857142857
126340,Viktor Durasovic,21,0.23809523809523808,4.666666666666667,2.6666666666666665,6.8,347.5238095238095,24.433333333333334,185.0,0.3333333333333333,0.23809523809523808,0.2222222222222222
126409,Hugo Grenier,16,0.3125,6.666666666666667,3.6666666666666665,8.0,144.125,26.35,196.0,0.2857142857142857,0.5,0.2857142857142857
126523,Bernabe Zapata Miralles,88,0.38636363636363635,2.0681818181818183,2.102272727272727,8.897727272727273,92.97727272727273,25.475,183.0,0.5,0.0,0.25
126535,Carlos Taberner,37,0.35135135135135137,2.6216216216216215,3.6216216216216215,8.0,124.24324324324324,23.8972972972973,183.0,0.34615384615384615,0.0,0.4
126610,Matteo Berrettini,244,0.6434426229508197,10.067796610169491,1.9830508474576272,5.11864406779661,28.55327868852459,24.405327868852456,196.0,0.7058823529411765,0.8181818181818182,0.553030303030303
126646,Tim Van Rijthoven,19,0.5789473684210527,13.833333333333334,3.7777777777777777,5.555555555555555,134.47368421052633,25.294736842105266,188.0,0.5789473684210527,0.8,0.3333333333333333
126774,Stefanos Tsitsipas,431,0.691415313225058,7.228915662650603,2.23855421686747,4.937349397590362,11.640371229698376,22.334570765661255,193.0,0.7723577235772358,0.5882352941176471,0.6678832116788321
126845,Max Purcell,51,0.35294117647058826,8.458333333333334,2.5208333333333335,8.020833333333334,129.47058823529412,24.470588235294116,185.0,0.3333333333333333,0.36363636363636365,0.35294117647058826
126846,Aleksandar Vukic,47,0.40425531914893614,9.27659574468085,1.9787234042553192,6.276595744680851,127.61702127659575,26.440425531914894,188.0,0.0,0.3333333333333333,0.4358974358974359
126952,Soon Woo Kwon,125,0.488,5.095652173913043,3.217391304347826,7.191304347826087,82.528,23.6248,180.0,0.4444444444444444,0.45454545454545453,0.5
127157,Daniel Altmaier,86,0.3488372093023256,6.096385542168675,2.5783132530120483,8.265060240963855,94.79069767441861,23.798837209302327,188.0,0.4883720930232558,0.2222222222222222,0.20588235294117646
127339,Borna Gojo,39,0.48717948717948717,11.371428571428572,3.6,6.742857142857143,170.02564102564102,24.451282051282053,196.0,0.3333333333333333,0.0,0.5294117647058824
128034,Hubert Hurkacz,285,0.5964912280701754,11.174377224199288,2.2704626334519573,5.430604982206406,30.378947368421052,24.342105263157894,196.0,0.5,0.625,0.6135265700483091
132283,Lorenzo Sonego,247,0.4939271255060729,5.987654320987654,1.9259259259259258,6.1193415637860085,51.65182186234818,26.140485829959513,191.0,0.5164835164835165,0.5625,0.4596774193548387
132686,Nuno Borges,40,0.375,4.166666666666667,2.638888888888889,7.25,102.95,25.905,185.0,0.35714285714285715,0.0,0.43478260869565216
133297,Yosuke Watanuki,34,0.4411764705882353,9.470588235294118,4.205882352941177,6.4411764705882355,173.2058823529412,24.04705882352941,180.0,0.5,0.6,0.391304347826087
133430,Denis Shapovalov,302,0.5596026490066225,8.284745762711864,5.671186440677966,6.257627118644068,23.16887417218543,21.31225165562914,185.0,0.5344827586206896,0.48484848484848486,0.5781990521327014
133835,Gijs Brouwer,22,0.5,4.636363636363637,2.6818181818181817,4.590909090909091,173.13636363636363,26.89090909090909,191.0,0.625,0.25,0.5
133975,Benjamin Hassan,17,0.6470588235294118,3.6,2.7,3.7,328.52941176470586,25.794117647058822,183.0,0.8333333333333334,0.6470588235294118,0.5555555555555556
134770,Casper Ruud,300,0.6533333333333333,5.061433447098976,2.2832764505119454,5.539249146757679,29.066666666666666,22.52133333333333,183.0,0.7452229299363057,0.4,0.5639097744360902
134868,Tallon Griekspoor,125,0.488,7.863247863247863,3.2051282051282053,6.128205128205129,66.8,26.0552,188.0,0.4166666666666667,0.631578947368421,0.47560975609756095
136440,Dominik Koepfer,97,0.4536082474226804,4.308510638297872,3.6914893617021276,8.787234042553191,80.94845360824742,27.11443298969072,180.0,0.5,0.2727272727272727,0.4666666666666667
144684,Alex Molcan,93,0.5268817204301075,3.4827586206896552,2.4827586206896552,7.896551724137931,83.24731182795699,24.629032258064516,178.0,0.6382978723404256,0.42857142857142855,0.41025641025641024
144707,Mikael Ymer,142,0.49295774647887325,2.537313432835821,3.208955223880597,8.253731343283581,105.35211267605634,22.89718309859155,183.0,0.41379310344827586,0.46153846153846156,0.52
144719,Jaume Munar,182,0.4175824175824176,3.565934065934066,3.0384615384615383,8.054945054945055,82.16483516483517,23.70934065934066,183.0,0.5045871559633027,0.18181818181818182,0.3064516129032258
144750,Lloyd Harris,143,0.46853146853146854,10.557142857142857,2.3214285714285716,5.921428571428572,93.62937062937063,24.036363636363635,193.0,0.2727272727272727,0.4666666666666667,0.5094339622641509
144817,Marc Andrea Huesler,72,0.3888888888888889,8.956521739130435,2.8550724637681157,6.463768115942029,122.77777777777777,25.93472222222222,196.0,0.2727272727272727,0.2857142857142857,0.46511627906976744
144869,Tomas Martin Etcheverry,77,0.44155844155844154,5.605263157894737,1.8421052631578947,7.065789473684211,69.84415584415585,23.522077922077923,196.0,0.5116279069767442,0.25,0.36666666666666664
144895,Corentin Moutet,124,0.4112903225806452,2.4390243902439024,3.252032520325203,8.731707317073171,91.31451612903226,21.914516129032258,180.0,0.35555555555555557,0.4375,0.4444444444444444
200000,Felix Auger Aliassime,306,0.5980392156862745,9.357142857142858,4.163265306122449,5.687074829931973,26.50326797385621,20.67614379084967,193.0,0.5,0.6764705882352942,0.6153846153846154
200005,Ugo Humbert,207,0.5024154589371981,7.161616161616162,2.8585858585858586,6.58080808080808,52.00483091787439,22.98647342995169,188.0,0.28125,0.5555555555555556,0.539568345323741
200059,Yibing Wu,40,0.45,4.325,2.325,7.8,146.475,22.3675,183.0,0.375,0.2,0.5185185185185185
200175,Miomir Kecmanovic,238,0.5042016806722689,4.060344827586207,2.0344827586206895,6.974137931034483,52.252100840336134,21.932773109243698,183.0,0.5238095238095238,0.4583333333333333,0.5033112582781457
200221,Alejandro Davidovich Fokina,192,0.5,2.6984126984126986,2.5555555555555554,7.873015873015873,49.838541666666664,22.561979166666664,183.0,0.5416666666666666,0.4,0.4857142857142857
200267,Zizou Bergs,25,0.24,6.0476190476190474,2.9047619047619047,7.142857142857143,185.96,23.1,185.0,0.42857142857142855,0.0,0.17647058823529413
200282,Alex De Minaur,333,0.6126126126126126,3.6978193146417446,2.473520249221184,6.526479750778816,33.28228228228228,22.04804804804805,183.0,0.43478260869565216,0.6097560975609756,0.6463414634146342
200303,Pavel Kotov,39,0.46153846153846156,3.3846153846153846,2.5641025641025643,6.9743589743589745,123.43589743589743,24.266666666666666,191.0,0.5,0.6666666666666666,0.4166666666666667
200325,Emil Ruusuvuori,183,0.5191256830601093,4.378531073446328,3.1864406779661016,6.706214689265536,82.50819672131148,22.835519125683057,188.0,0.4,0.4444444444444444,0.5615384615384615
200384,Hugo Gaston,67,0.40298507462686567,2.791044776119403,2.4477611940298507,10.343283582089553,125.08955223880596,21.371641791044777,173.0,0.48148148148148145,0.6,0.3142857142857143
200514,Jurij Rodionov,39,0.38461538461538464,6.228571428571429,2.8285714285714287,6.685714285714286,148.33333333333334,22.52820512820513,191.0,0.375,0.375,0.4
200615,Alexei Popyrin,156,0.4230769230769231,9.374193548387098,3.7096774193548385,6.851612903225806,96.33333333333333,21.96346153846154,196.0,0.5,0.21428571428571427,0.42727272727272725
200624,Sebastian Korda,155,0.6064516129032258,6.746753246753247,2.4805194805194803,6.616883116883117,57.57419354838709,21.781935483870967,196.0,0.5625,0.6,0.6203703703703703
200670,J J Wolf,87,0.4942528735632184,7.126436781609195,3.218390804597701,6.666666666666667,78.41379310344827,23.89310344827586,183.0,0.5,0.5,0.4927536231884058
202103,Francisco Cerundolo,124,0.532258064516129,2.80672268907563,3.369747899159664,8.168067226890756,50.10569105691057,24.095161290322583,185.0,0.5757575757575758,0.5833333333333334,0.45652173913043476
202104,Sebastian Baez,120,0.5,1.808695652173913,1.7217391304347827,6.939130434782609,52.80833333333333,21.785833333333336,170.0,0.6176470588235294,0.42857142857142855,0.3333333333333333
202195,Maxime Cressy,96,0.4375,14.916666666666666,9.28125,5.03125,69.89583333333333,25.105208333333334,201.0,0.09090909090909091,0.5454545454545454,0.4603174603174603
202261,Otto Virtanen,15,0.4666666666666667,8.76923076923077,4.230769230769231,7.3076923076923075,280.6,21.266666666666666,193.0,0.3333333333333333,0.4666666666666667,0.5
202358,Chun Hsin Tseng,26,0.2692307692307692,2.4,3.44,7.88,173.64,20.373076923076926,175.0,0.0,0.0,0.30434782608695654
202385,Jenson Brooksby,79,0.5822784810126582,2.8205128205128207,1.3974358974358974,6.717948717948718,86.21518987341773,21.28987341772152,188.0,0.2857142857142857,0.5833333333333334,0.6166666666666667
205734,Thiago Seyboth Wild,34,0.38235294117647056,5.333333333333333,3.393939393939394,7.151515151515151,190.61764705882354,21.2,185.0,0.4444444444444444,0.38235294117647056,0.14285714285714285
206173,Jannik Sinner,272,0.7132352941176471,5.291187739463601,2.1494252873563218,6.007662835249042,31.09926470588235,20.384926470588233,191.0,0.671875,0.6,0.7393617021276596
206499,Aleksandar Kovacevic,16,0.375,8.25,2.5625,6.875,144.25,24.5375,183.0,0.0,0.0,0.46153846153846156
206681,Fabian Marozsan,20,0.55,4.7368421052631575,2.0,6.0,111.0,23.68,193.0,0.6666666666666666,0.0,0.5384615384615384
206909,Brandon Nakashima,125,0.544,7.424,1.888,5.184,79.8,20.8208,188.0,0.46153846153846156,0.4666666666666667,0.5670103092783505
207518,Lorenzo Musetti,176,0.5284090909090909,3.456140350877193,2.152046783625731,6.380116959064328,52.52272727272727,20.27784090909091,185.0,0.6266666666666667,0.46153846153846156,0.45454545454545453
207678,Juan Manuel Cerundolo,38,0.42105263157894735,2.1315789473684212,2.973684210526316,8.710526315789474,141.1315789473684,20.563157894736843,183.0,0.42857142857142855,0.0,0.4375
207686,Alexander Shevchenko,36,0.4444444444444444,4.111111111111111,2.5277777777777777,7.666666666666667,92.13888888888889,22.544444444444444,185.0,0.46153846153846156,0.0,0.45454545454545453
207733,Jack Draper,69,0.5797101449275363,8.144927536231885,2.782608695652174,5.782608695652174,91.33333333333333,20.86231884057971,193.0,0.5,0.5833333333333334,0.5918367346938775
207830,Tomas Machac,33,0.48484848484848486,5.517241379310345,2.2758620689655173,8.344827586206897,130.96969696969697,21.784848484848485,183.0,0.5,0.0,0.5
207925,Flavio Cobolli,17,0.35294117647058826,3.4705882352941178,2.6470588235294117,8.352941176470589,190.76470588235293,20.68235294117647,183.0,0.4,0.35294117647058826,0.2857142857142857
207989,Carlos Alcaraz,198,0.7828282828282829,3.739795918367347,2.3316326530612246,5.994897959183674,27.91919191919192,19.187373737373736,183.0,0.8205128205128205,0.8888888888888888,0.7352941176470589
208014,Rinky Hijikata,26,0.46153846153846156,3.8461538461538463,3.1153846153846154,8.153846153846153,138.96153846153845,22.13076923076923,178.0,0.46153846153846156,0.6666666666666666,0.4
208029,Holger Rune,159,0.610062893081761,4.746666666666667,3.64,5.993333333333333,75.62658227848101,19.31194968553459,188.0,0.6206896551724138,0.5833333333333334,0.6067415730337079
208103,Jiri Lehecka,95,0.5052631578947369,5.455555555555556,2.433333333333333,6.866666666666666,58.3936170212766,21.12842105263158,185.0,0.46153846153846156,0.5,0.5254237288135594
208134,Luca Nardi,15,0.2,2.8,2.2,6.933333333333334,199.53333333333333,19.40666666666667,185.0,0.16666666666666666,0.2,0.2222222222222222
208278,Shintaro Mochizuki,15,0.2,2.5833333333333335,3.3333333333333335,8.25,314.4,19.62,175.0,0.2,0.0,0.23076923076923078
208286,Matteo Arnaldi,39,0.5128205128205128,5.512820512820513,3.3333333333333335,7.9743589743589745,81.46153846153847,22.3025641025641,185.0,0.5625,0.0,0.5
208502,Dominic Stricker,39,0.5128205128205128,9.025641025641026,2.717948717948718,5.897435897435898,168.51282051282053,20.256410256410255,183.0,0.4444444444444444,0.5714285714285714,0.5217391304347826
209098,Hamad Medjedovic,22,0.5454545454545454,8.476190476190476,3.5714285714285716,5.809523809523809,191.36363636363637,19.831818181818182,188.0,0.3333333333333333,0.0,0.75
209209,Filip Misolic,15,0.5333333333333333,3.9285714285714284,2.357142857142857,7.714285714285714,170.33333333333334,21.506666666666664,180.0,0.6363636363636364,0.5333333333333333,0.25
209414,Luca Van Assche,32,0.375,3.65625,3.0625,9.5625,87.03125,19.109375,178.0,0.46153846153846156,0.3333333333333333,0.3125
209950,Arthur Fils,43,0.5813953488372093,6.536585365853658,3.4146341463414633,6.048780487804878,82.4186046511628,19.025581395348837,185.0,0.6923076923076923,0.0,0.5714285714285714
209992,Juncheng Shang,15,0.26666666666666666,2.8,2.6666666666666665,8.6,243.26666666666668,18.073333333333334,180.0,0.0,0.26666666666666666,0.3076923076923077
210097,Ben Shelton,55,0.509090909090909,10.545454545454545,4.618181818181818,6.345454545454546,63.50909090909091,20.54,193.0,0.2222222222222222,0.4,0.5853658536585366
210506,Alex Michelsen,15,0.4666666666666667,4.866666666666666,2.1333333333333333,6.733333333333333,152.26666666666668,18.933333333333334,193.0,0.4666666666666667,0.6666666666666666,0.3333333333333333
